{"accuracy": 0.6866666666666666, "f1_score": 0.5218718209562564}