{"accuracy": 0.6863333333333334, "f1_score": 0.5211195928753181}